admin,Theater6,It Chapter Two,11:00,E02,Booking
admin,Theater6,It Chapter Two,11:00,F02,Booking
admin,Theater6,It Chapter Two,11:00,E09,Booking
admin,Theater6,It Chapter Two,11:00,F06,Booking
admin,Theater6,It Chapter Two,11:00,F08,Booking
admin,Theater6,It Chapter Two,11:00,E10,Booking
admin,Theater6,It Chapter Two,11:00,F01,Booking
admin,Theater6,It Chapter Two,11:00,E04,Booking
admin,Theater6,It Chapter Two,11:00,E06,Booking
admin,Theater6,It Chapter Two,11:00,E07,Booking
admin,Theater6,It Chapter Two,11:00,F04,Booking
admin,Theater6,It Chapter Two,11:00,F03,Booking
admin,Theater6,It Chapter Two,11:00,F10,Booking
admin,Theater6,It Chapter Two,11:00,E01,Booking
admin,Theater6,It Chapter Two,11:00,F05,Booking
admin,Theater6,It Chapter Two,11:00,E08,Booking
admin,Theater6,It Chapter Two,11:00,E03,Booking
admin,Theater6,It Chapter Two,11:00,F09,Booking
admin,Theater6,It Chapter Two,11:00,E05,Booking
admin,Theater6,It Chapter Two,11:00,F07,Booking
nat,Theater6,It Chapter Two,11:00,F11,Booking
nat,Theater6,It Chapter Two,11:00,E11,Booking
nat,Theater6,It Chapter Two,11:00,F11,Cancel
nat,Theater6,It Chapter Two,11:00,E11,Cancel
nat,Theater6,It Chapter Two,11:00,F12,Booking
nat,Theater6,It Chapter Two,11:00,E12,Booking
nat,Theater6,It Chapter Two,11:00,E11,Booking
nat,Theater6,It Chapter Two,11:00,F12,Cancel
nat,Theater6,It Chapter Two,11:00,E12,Cancel
nat,Theater6,It Chapter Two,11:00,E11,Cancel
nat,Theater5,Weathering with You,20:00,E11,Booking
nat,Theater5,Weathering with You,20:00,E10,Booking
nat,Theater5,Weathering with You,20:00,A13,Booking
nat,Theater5,Weathering with You,20:00,A20,Booking
nat,Theater5,Weathering with You,20:00,A12,Booking
nat,Theater5,Weathering with You,20:00,A18,Booking
nat,Theater5,Weathering with You,20:00,A16,Booking
nat,Theater5,Weathering with You,20:00,A14,Booking
nat,Theater5,Weathering with You,20:00,A11,Booking
nat,Theater5,Weathering with You,20:00,A15,Booking
nat,Theater5,Weathering with You,20:00,A19,Booking
nat,Theater5,Weathering with You,20:00,A10,Booking
nat,Theater5,Weathering with You,20:00,A17,Booking
nat,Theater5,Weathering with You,20:00,A20,Cancel
nat,Theater5,Weathering with You,20:00,A19,Cancel
nat,Theater5,Weathering with You,20:00,A18,Cancel
nat,Theater5,Weathering with You,20:00,A17,Cancel
nat,Theater5,Weathering with You,20:00,A16,Cancel
